query_id	image_path	image_sha256	source_kind	parent_query_id	bottle_group_id	split	label_status	true_slug	review_status	reviewer_ids	adjudicator_id	capture_session_id	glare	blur	perspective	occlusion	lighting	label_visibility	multiple_bottles	label_bbox_xyxy	visible_year	visible_text	notes
field-000001	dataset/real_photo/1.73_06-09-2026_14-54-06.webp	367a651c8018b48820700f92c18e1b6cb2c4aedeb1f47cc799516d50016686b8	field			pool	not_in_catalog		single_reviewed	annotator-01													
field-000002	dataset/real_photo/2.69_27-08-2026_14-29-00.webp	ff56ff7bb3aea4ae93744ffc85fbf9479ddca5593997ad2aff715c4402433152	field			pool	uncertain		single_reviewed	annotator-01													
field-000003	dataset/real_photo/41.8_22-08-2026_20-56-40.webp	c975b31e13bfa77dbc402d7ae4cd3889609cf85a9dadda45778a63232b4c6acf	field			pool	not_in_catalog		single_reviewed	annotator-01													
field-000004	dataset/real_photo/48.98_02-09-2026_18-34-15.webp	d6eb68e01ae1276b82be31361385d7afa02caf7af5acab17f13800e32d34cd6b	field			pool	confirmed	denisov_rubin_klaret_krasnaya_strelka	single_reviewed	annotator-01													
field-000005	dataset/real_photo/68.81_05-09-2026_15-46-31.webp	513486638be167d890496bc6a6fa0c369e63849f531e49ec72bf33f02e30dfa2	field			pool	confirmed	fanagoriya-velvet-season-muskat-ottonel-beloe-sladkoe-13	single_reviewed	annotator-01													
field-000006	dataset/real_photo/70.45_04-09-2026_13-35-37.webp	3eb309e8e4b139ef15566a45fe8fef1a940b8dca4bf15d8a6b5fe0523a69cb52	field			pool	confirmed	fanagoriya-formula-q-kaberne-sovinon-krasnoe-suhoe-135	single_reviewed	annotator-01													
field-000007	dataset/real_photo/72.97_09-09-2026_19-38-57.webp	a044e6b41dad8e9de1da1f0d3250ebb3fa6504c57fac1c19599c6e6a58985c9f	field			pool	not_in_catalog		single_reviewed	annotator-01													
field-000008	dataset/real_photo/82.33_27-08-2026_10-03-52.webp	426d1bf00ea81f447de22f5be0fe565646883d6b565db83d9a80a866eaa49545	field			pool	confirmed	skalistyj-bereg-shepot-czvetov	single_reviewed	annotator-01													
field-000009	dataset/real_photo/84.73_07-09-2026_11-07-51.webp	bd7fb7159c81ead9a47fb12506e664eb398239c1d659dd343031decba6b9e796	field			pool	confirmed	zhemchuzhnaya-9-aligote-czitron	single_reviewed	annotator-01													
field-000010	dataset/real_photo/87.09_22-08-2026_20-57-16.webp	f9aea64e1f36a651fe5a41676c2d3af94cad6c1974b7fb27540703dde4101016	field			pool	confirmed	pobeda	single_reviewed	annotator-01													
field-000011	dataset/real_photo/87.54_03-09-2026_13-27-53.webp	f8ca912b532eaea763d9a708344202736d0a3a356a597f65ca0d599183b2b16d	field			pool	confirmed	relikta-relikta-sira-kaberne-fran-krasnoe-suhoe-13	single_reviewed	annotator-01													
field-000012	dataset/real_photo/87.6_20-08-2026_19-56-56.webp	e3579e75e319a8036eb8ff8155d3fb64a92bb52965e045afc59eebe3ef8a0d36	field			pool	not_in_catalog		single_reviewed	annotator-01													
field-000013	dataset/real_photo/87.81_09-09-2026_17-16-36.webp	e4839a440c4741671a2497060bab320e54703d37ff0af208991278bf699632d9	field			pool	not_in_catalog		single_reviewed	annotator-01													
field-000014	dataset/real_photo/87.88_28-08-2026_16-56-20.webp	8c760f87c8940934bfd19020d90aa949f843267c47a99180bdd41242a5033a36	field			pool	confirmed	massandra-muskatel-belyy-belye-sorta-vinograda-beloe-sladkoe-16	single_reviewed	annotator-01													
field-000015	dataset/real_photo/88.2_05-09-2026_16-29-06.webp	9fc94b7fbaaf7688649299194a31cf663375071dc9cadc83ed08e30f0000d5d8	field			pool	not_in_catalog		single_reviewed	annotator-01													
field-000016	dataset/real_photo/88.38_20-08-2026_18-32-58.webp	38ff285918aae3011c0996aae84e18f6eef5bf1daaa30a41700941046f4c5d19	field			pool	confirmed	czitronnyj-magaracha-sovinon-blan	single_reviewed	annotator-01													
field-000017	dataset/real_photo/89.65_19-08-2026_19-48-39.webp	c381a17b4bf09483a27e8c3b5bca1db7147253a97d309107c3c01b3a0cac38a2	field			pool	confirmed	rozovoe-zoloto	single_reviewed	annotator-01													
field-000018	dataset/real_photo/90.5_02-09-2026_10-32-11.webp	1ca732eeaa869ee3414a43a789a3ff44706006d0f44ecdacbbf2710e5c451df0	field			pool	not_in_catalog		single_reviewed	annotator-01													
field-000019	dataset/real_photo/91.07_20-08-2026_18-37-46.webp	4ce7521c9d322cc7a083918632406c6989a88219da2746109eca43da5cd1fe69	field			pool	confirmed	aratti-kaberne-sovinon-2021-krasnoe-suhoe	single_reviewed	annotator-01													
field-000020	dataset/real_photo/91.43_02-09-2026_12-08-50.webp	4036e7a9800f57bcf1ff4c23c0f0f7b9f8559c6b92dfd9230991efc83071a1d2	field			pool	not_in_catalog		single_reviewed	annotator-01													
field-000021	dataset/real_photo/92.21_19-08-2026_18-57-31.webp	31a7a593985dce516d7dbcce9f9c42633685312d5d723222f8b9b63c5cc8b3c0	field			pool	confirmed	belaya-lvicza	single_reviewed	annotator-01													
field-000022	dataset/real_photo/92.6_07-09-2026_11-04-40.webp	3c1e06bc461fe048e78dd010f8d990b5387895b02126aa02e01ff8d914582dce	field			pool	confirmed	aratti-kaberne-sovinon-2020-krasnoe-suhoe	single_reviewed	annotator-01													
field-000023	dataset/real_photo/92.94_21-08-2026_19-37-08.webp	060f61b5d35a0d917c7e875356f89df61af85ead6ea483efd06e20b7291fe8eb	field			pool	confirmed	denisov-winery-sovinon-blan-beloe-suhoe-115	single_reviewed	annotator-01													
field-000024	dataset/real_photo/92.96_19-08-2026_21-07-12.webp	120946ab5cf6c2b84bd9de87e82b76c916f7ebba6154759649eaaf266bbc61ca	field			pool	confirmed	aratti-kaberne-sovinon-2020-krasnoe-suhoe	single_reviewed	annotator-01													
field-000025	dataset/real_photo/92.99_02-09-2026_04-20-19.webp	d93a805d45811057c3f42a2fefdcd5f997bd1b291ea753c4cf1f04dacaafeacd	field			pool	not_in_catalog		single_reviewed	annotator-01													
field-000026	dataset/real_photo/93.31_05-09-2026_13-39-37.webp	000083d2806f126027ec4de3072c56dd87a8904fc37d398fef15a82131eedbc1	field			pool	confirmed	golubitskoe-estate-kaberne-sovinon-noble-selection-krasnoe-suhoe-133	single_reviewed	annotator-01													
field-000027	dataset/real_photo/93.43_05-09-2026_13-34-45.webp	82ae9919493a145fb439b645689580c8ce13bd27db77546df86e656214728486	field			pool	confirmed	denisov_pet_nat_rubin	single_reviewed	annotator-01													
field-000028	dataset/real_photo/93.68_19-08-2026_20-44-28.webp	0d7d62c97ceb14530a645e161b691347a07142e0908debfa932a55101a75e1bf	field			pool	confirmed	zakat-denisov-vajneri	single_reviewed	annotator-01													
field-000029	dataset/real_photo/93.84_02-09-2026_17-13-04.webp	3ae6907eee7fd51adfaf90c1cc16f674418e6bfd1091558e4f043e19bdc67035	field			pool	confirmed	zakat-denisov-vajneri	single_reviewed	annotator-01													
field-000030	dataset/real_photo/93.95_05-09-2026_15-29-36.webp	96801d91ed57e580a2d755f3c2101018d303fb839f1b5f09f4d0143fd1c2d168	field			pool	not_in_catalog		single_reviewed	annotator-01													
field-000031	dataset/real_photo/93.97_28-08-2026_16-02-48.webp	895c254a8654a4648c2dee1e2c6c5e002141b8c48ff82de680fe70a27d686896	field			pool	not_in_catalog		single_reviewed	annotator-01													
field-000032	dataset/real_photo/94.02_24-08-2026_17-46-57.webp	003d87255c17e2188c36bc6a42f63505740d8f45db6ea6fb91dd4c078e05b101	field			pool	confirmed	rubin-golodrigi	single_reviewed	annotator-01													
field-000033	dataset/real_photo/94.43_05-09-2026_15-29-25.webp	1ef49b08b91459c771b7a1bc1a529a601121fa232698aa75d63d609dd0a65a51	field			pool	not_in_catalog		single_reviewed	annotator-01													
field-000034	dataset/real_photo/94.55_02-09-2026_16-53-08.webp	a4b92006e761b017daf2a3cc6b7f89ecf2e0465cad666b5724a43b149816f210	field			pool	confirmed	denisov_pazori_risling	single_reviewed	annotator-01													
field-000035	dataset/real_photo/94.72_21-08-2026_15-41-48.webp	11ade77843babb99b749be00b88b09699cba8b39269913a284d8c1a29ab07e00	field			pool	confirmed	derbent-vino-desono-kaberne-sovinon-krasnoe-suhoe-125	single_reviewed	annotator-01													
field-000036	dataset/real_photo/94.7_25-08-2026_15-52-07.webp	21d0d5fd419192919231da52f4c32bedd785a5320adde9c1c739f5f6cd967aeb	field			pool	confirmed	czitronnyj-magaracha-sovinon-blan	single_reviewed	annotator-01													
field-000037	dataset/real_photo/94.83_27-08-2026_14-29-28.webp	e9267d074b92727103de6d31613bd1726e9d03b8eb4f08c332c87e3c188dacf8	field			pool	not_in_catalog		single_reviewed	annotator-01													
field-000038	dataset/real_photo/94.8_01-09-2026_10-10-02.webp	eeb9e670cfc73d731be98ec65ddf3ac31de8f456b2fc9e6651bf3f38191790a0	field			pool	not_in_catalog		single_reviewed	annotator-01													
field-000039	dataset/real_photo/94.94_05-09-2026_15-04-50.webp	30f7e1b4c02683b7d1523124f6cf026cc4a7fd11584b8a5bec93ab8f765dec85	field			pool	confirmed	denisov-winery-sovinon-blan-beloe-suhoe-115	single_reviewed	annotator-01													
field-000040	dataset/real_photo/94.97_02-09-2026_19-01-48.webp	7972f7185bb78f3cc2914a9967e03824cf65ea0a1a18cf02f4a5cc224fef08bd	field			pool	confirmed	zhemchuzhnaya-9-pino-nuar-muskat-rozovyj-2	single_reviewed	annotator-01													
field-000041	dataset/real_photo/95.03_04-09-2026_11-39-35.webp	9269752db5d672742b98f33f9d8198519ca823edf3f88c883288bcc442658971	field			pool	confirmed	fanagoriya-zelyonoe-vino-risling-tsitronnyy-magaracha-beloe-polusuhoe-11	single_reviewed	annotator-01													
field-000042	dataset/real_photo/95.07_01-09-2026_16-15-35.webp	22117738bbb30cda0a92655a03d4514c52bd77a3b17f827480e8895e0e1237a9	field			pool	not_in_catalog		single_reviewed	annotator-01													
field-000043	dataset/real_photo/95.17_29-08-2026_11-06-42.webp	3592273a67c50b354728e8fb90d9515bfccd2f7cb63cf502a925ed078ed1df49	field			pool	not_in_catalog		single_reviewed	annotator-01													
field-000044	dataset/real_photo/95.19_05-09-2026_15-32-06.webp	bb5135fd75a48fa3f7a21d271eed121adaad72b5f7924be6fc65a617a2654e36	field			pool	not_in_catalog		single_reviewed	annotator-01													
field-000045	dataset/real_photo/95.24_19-08-2026_20-00-22.webp	fc8cc15f33fc9834058713e27b2bf6e9e3f92b9a70033f1e81c77b7cc5e6376b	field			pool	confirmed	zhemchuzhnaya-9-czitron-shardone	single_reviewed	annotator-01													
field-000046	dataset/real_photo/95.29_21-08-2026_17-24-49.webp	38181c65d5cc58304c5d2121b4d9384de7e8e1252080d9e888b3fa63ff56b4ae	field			pool	not_in_catalog		single_reviewed	annotator-01													
field-000047	dataset/real_photo/95.2_05-09-2026_13-54-13.webp	2fc4599b87543bee996420918df0e011a3a1a5b567f828c254bb0742ec0c5851	field			pool	confirmed	aratti-kaberne-po-belomu	single_reviewed	annotator-01													
field-000048	dataset/real_photo/95.32_02-09-2026_12-09-23.webp	00f24170520a0c652a2e1b0c9f3d4cdcac07f1b80b898920eefa1f1d8efb3eb6	field			pool	confirmed	pozdnij-sbor-beloe	single_reviewed	annotator-01													
field-000049	dataset/real_photo/95.35_05-09-2026_15-29-53.webp	9ba88b5ad69a2350ada8df0e722ac035c09af01fbf42046a156008baf3151843	field			pool	not_in_catalog		single_reviewed	annotator-01													
field-000050	dataset/real_photo/95.36_28-08-2026_17-09-04.webp	811d9775a2f7e33bbf796f6bc42b9f20fe6f4e98e9d1e038109f2b2b42d61235	field			pool	not_in_catalog		single_reviewed	annotator-01													
field-000051	dataset/real_photo/95.49_05-09-2026_15-34-51.webp	f9b1cff42f3c14b3b60b6da7647619535ff50a9c49e8d7e74d88231c956eba43	field			pool	confirmed	zhemchuzhnaya-9-pino-nuar-muskat-rozovyj-2	single_reviewed	annotator-01													
field-000052	dataset/real_photo/95.63_24-08-2026_17-47-43.webp	991c7fdf7ecc8c5ed3c3c2b02f29b9d03cb7b5a9a378cce050a1678c0db8a616	field			pool	confirmed	rubin-golodrigi	single_reviewed	annotator-01													
field-000053	dataset/real_photo/95.75_02-09-2026_14-47-49.webp	63a0b80dd04a46e452c9ddbf4d313cd5afdc29324350ed625e9830e8d853c17d	field			pool	confirmed	uva-vallis-risling	single_reviewed	annotator-01													
field-000054	dataset/real_photo/95.76_23-08-2026_18-19-43.webp	36cb48ee1a77914eaa7faf800515661768b6965c1326ae83d0fc89615435edee	field			pool	confirmed	denisov_pereplyas_kurmyshi	single_reviewed	annotator-01													
field-000055	dataset/real_photo/95.88_02-09-2026_14-41-59.webp	a92501324b89163344c057c6eff1c5555f96686d6bc7d9212d42204b7f2f3ea0	field			pool	confirmed	fanagoriya-zelyonoe-vino-risling-tsitronnyy-magaracha-beloe-polusuhoe-11	single_reviewed	annotator-01													
field-000056	dataset/real_photo/95.8_19-08-2026_19-33-23.webp	6d6386e94441681fd3f19494d4635de268b2573ebd28712578d1db9193cd1e11	field			pool	confirmed	roze-2	single_reviewed	annotator-01													
field-000057	dataset/real_photo/95.8_19-08-2026_20-47-59.webp	edb4d35df1485ef6d8c98b562062e3a58dd9af2476ad7607e96e5214fd48df16	field			pool	confirmed	denisov-winery-sovinon-blan-beloe-suhoe-115	single_reviewed	annotator-01													
field-000058	dataset/real_photo/96.05_28-08-2026_09-14-57.webp	d7320794b6cc70e7daddce46fcebf8d6b5ed2483d8cd263bd16aaf20953ee46a	field			pool	not_in_catalog		single_reviewed	annotator-01													
field-000059	dataset/real_photo/96.07_28-08-2026_16-10-06.webp	2291e18f98e5a59ef5094402e4b8a6369b3f4e1bde3d2a1b09b35d432c945b60	field			pool	confirmed	golubitskoe-estate-kaberne-sovinon-krasnoe-suhoe-137	single_reviewed	annotator-01													
field-000060	dataset/real_photo/96.08_22-08-2026_15-12-27.webp	f696d81ca16f36860c621df08bb431abc329f07dee316922c67d2068b201a9fa	field			pool	confirmed	zhemchuzhnaya-9-czitron-shardone	single_reviewed	annotator-01													
field-000061	dataset/real_photo/96.08_28-08-2026_16-29-50.webp	02a0d820011fd204874f24e668162d9256b765fa3e6f67f0d47b18c8994774aa	field			pool	confirmed	golubitskoe-estate-merlo-krasnoe-suhoe-135	single_reviewed	annotator-01													
field-000062	dataset/real_photo/96.11_22-08-2026_21-29-20.webp	dcc9f458b09d7babb31aa17fc38e38c8bd99ef820a5cadbee5cc91dbf06e233d	field			pool	not_in_catalog		single_reviewed	annotator-01													
field-000063	dataset/real_photo/96.13_19-08-2026_19-33-10.webp	bd699059437bb9fc98d4191283b4146c6abfe54354ff6ccf18d73c447cac2075	field			pool	confirmed	roze-2	single_reviewed	annotator-01													
field-000064	dataset/real_photo/96.15_22-08-2026_20-56-09.webp	e3bbe43ea5972adc12569537caab7325613c1a2d2471d3c64effa21a29ddda66	field			pool	confirmed	roze-2	single_reviewed	annotator-01													
field-000065	dataset/real_photo/96.27_20-08-2026_16-26-30.webp	d754e4474418b54b8888617dffa08263c7bfb96e26a700ff7578d050a8737501	field			pool	confirmed	zhemchuzhnaya-9-pino-nuar-muskat-rozovyj-1	single_reviewed	annotator-01													
field-000066	dataset/real_photo/96.29_21-08-2026_19-39-02.webp	3f79e75ad53877d1a7e5d2cdb47e8acb334c57ce6b4a6bb669e5730fc65904c8	field			pool	confirmed	denisov-winery-sovinon-blan-beloe-suhoe-115	single_reviewed	annotator-01													
field-000067	dataset/real_photo/96.2_28-08-2026_09-13-27.webp	3ebdc89e46bd9ae493be9a753fa93352ab1859a7367ffb28a005e41728097043	field			pool	not_in_catalog		single_reviewed	annotator-01													
field-000068	dataset/real_photo/96.2_28-08-2026_19-25-29.webp	bfc49b7f130b6059d0bfa0f91c954094a5fc94fee984f53c9296fa2c033bc3f9	field			pool	not_in_catalog		single_reviewed	annotator-01													
field-000069	dataset/real_photo/96.31_09-09-2026_19-29-01.webp	2773e71ae7a1953b0a72e816253792c32fbd6d9e16fbb024d896228c04590048	field			pool	confirmed	aratti-kaberne-po-belomu	single_reviewed	annotator-01													
field-000070	dataset/real_photo/96.31_21-08-2026_17-24-55.webp	86b538929dc19ef6050ac5c58984e30b30d67d7feccdbae7383d9985b8d8d6dc	field			pool	confirmed	bukovinka	single_reviewed	annotator-01													
field-000071	dataset/real_photo/96.3_08-09-2026_10-53-14.webp	5b94c7ad65218e0a4a525795cc9ac1773b3b2c161ea2fcd1644f89327174b076	field			pool	not_in_catalog		single_reviewed	annotator-01													
field-000072	dataset/real_photo/96.3_28-08-2026_09-12-56.webp	b81f5b3b912763ebdcb4e1b70f85a5dd54b915023b85b91335ca1dfb589f3420	field			pool	not_in_catalog		single_reviewed	annotator-01													
field-000073	dataset/real_photo/96.42_22-08-2026_21-29-43.webp	f84ac48acf05212cb213db4540b68a0afdb1a16308797d4fa1d5edeb4df8725e	field			pool	not_in_catalog		single_reviewed	annotator-01													
field-000074	dataset/real_photo/96.44_05-09-2026_15-33-59.webp	bdea948c4ff12ff58bf24c043f9387123438e06be949452a3fa54fcc150b9c38	field			pool	not_in_catalog		single_reviewed	annotator-01													
field-000075	dataset/real_photo/96.45_02-09-2026_14-19-06.webp	dc204cc91f6e110699ce17b24033921d16391d68111dcebca943e95d926f8601	field			pool	confirmed	abrau-dyurso-russkoe-igristoe-polusuhoe-rozovoe-pino-nuar-12	single_reviewed	annotator-01													
field-000076	dataset/real_photo/96.45_19-08-2026_19-35-28.webp	ece3a364d16791fe9eaabf5dcc3d4aa8956e4a9645f87e65a2bcd88bb3a19bd2	field			pool	confirmed	czitronnyj-magaracha	single_reviewed	annotator-01													
field-000077	dataset/real_photo/96.53_03-09-2026_16-39-17.webp	19b31d0ea1612c19020022c4f55b04d3456329682b5004e157e206518644cc4b	field			pool	not_in_catalog		single_reviewed	annotator-01													
field-000078	dataset/real_photo/96.54_04-09-2026_19-30-52.webp	dc3cae13dfec9951ba10019f1ba4f85657264a9e91721b37b2e8966c10f9eb79	field			pool	confirmed	denisov-winery-risling-beloe-suhoe-115	single_reviewed	annotator-01													
field-000079	dataset/real_photo/96.55_30-08-2026_19-34-31.webp	22d1d1b7cf2dc2343aa665670468b199f6b13c0dc4abb94d532434dc9c2245e5	field			pool	confirmed	novyy-svet-dom-shampanskih-vin-igristoe-vino-vyderzhannoe-bryut-rozovoe-novyy-svet-pino-nuar-125	single_reviewed	annotator-01													
field-000080	dataset/real_photo/96.58_05-09-2026_16-05-04.webp	958247a4106e5c19120d8bd6a1f3a4a5654356c15d074ef6c3fb27639cb7adb4	field			pool	confirmed	fanagoriya-zelyonoe-vino-risling-tsitronnyy-magaracha-beloe-polusuhoe-11	single_reviewed	annotator-01													
field-000081	dataset/real_photo/96.61_28-08-2026_09-16-27.webp	c6ede2c9b4e3a6ddea6c4574c0b9735749afce5ca7273a293e1784537af4cf68	field			pool	confirmed	balaklava-muskat-beloe-polusladkoe	single_reviewed	annotator-01													
field-000082	dataset/real_photo/96.62_07-09-2026_18-12-27.webp	d949dc057719e3773fbf6d15cb8a6d0f922d1941d4ad6c21b7c53d03224b3cbd	field			pool	confirmed	fanagoriya-zelyonoe-vino-risling-tsitronnyy-magaracha-beloe-polusuhoe-11	single_reviewed	annotator-01													
field-000083	dataset/real_photo/96.64_26-08-2026_16-52-37.webp	5e8895addff6d97034c161e4123c487525e444f2e6c458ae80dd5d17cbd8e94d	field			pool	confirmed	valeriy-zaharin-dom-zaharinyh-krasnoe-kaberne-sovinon-suhoe-125	single_reviewed	annotator-01													
field-000084	dataset/real_photo/96.65_02-09-2026_12-08-51.webp	7d876f25c30a5a7bec2da4574e74cfa52b384de9a98d46a993a4ae12660cfcbc	field			pool	not_in_catalog		single_reviewed	annotator-01													
field-000085	dataset/real_photo/96.66_22-08-2026_20-44-40.webp	0493e047f9dbec6a433fabf0ea6734c202c9b89f1614bce2644146434d454ed3	field			pool	confirmed	perovskih_polusuhoe_krasnoe	single_reviewed	annotator-01													
field-000086	dataset/real_photo/96.67_27-08-2026_17-47-05.webp	892fe18681c67ee83582618e0e4f22d3b02d8d86ceadd098f63883a066c973a6	field			pool	not_in_catalog		single_reviewed	annotator-01													
field-000087	dataset/real_photo/96.74_28-08-2026_13-52-26.webp	5cdb62e839128ba177541534a2bc6c6861dcd064a4d34f979c9b07a52e09122a	field			pool	confirmed	usadba-mezyb-shishka-kupazh-5-kaberne-sovinon-rozovoe-suhoe-133	single_reviewed	annotator-01													
field-000088	dataset/real_photo/96.76_07-09-2026_14-57-04.webp	73c54d35c45c1139af32e9ce9b80b9cdc8d56c12cf79e06b9b983051ddbd7e2f	field			pool	confirmed	pozdnij-sbor-krasnoe	single_reviewed	annotator-01													
field-000089	dataset/real_photo/96.77_24-08-2026_14-10-46.webp	91ea9bff5395b030b7fc53a58058ec5d9f21c6f48620c860820c03bda08eaff6	field			pool	confirmed	golubitskoe-estate-red-blend-kaberne-sovinon-krasnoe-suhoe-136	single_reviewed	annotator-01													
field-000090	dataset/real_photo/96.78_25-08-2026_18-04-42.webp	a865a763586b38f9aa98443a53d09a853db2a8fe06ae7133408531819928c5e8	field			pool	confirmed	czitronnyj-magaracha	single_reviewed	annotator-01													
field-000091	dataset/real_photo/96.79_20-08-2026_17-48-31.webp	122436010fde073f1dfcfe7d39b4fe00290d8d1f0c34ea474a39afb6dd0f06de	field			pool	confirmed	oleg	single_reviewed	annotator-01													
field-000092	dataset/real_photo/96.79_28-08-2026_22-05-22.webp	cc82a406e4e2a01e1bb8737228bf2102f83e6e5a862f3bb8c22e36a54771b0e9	field			pool	confirmed	vinodelnya-vedernikov-vedernikov-dolina-dona-beloe-suhoe-aligote-12	single_reviewed	annotator-01													
field-000093	dataset/real_photo/96.7_28-08-2026_13-50-21.webp	39dc77142a7837758b1e6fc7e4aeff3815c553e1c630ae8650277d3d14f7284e	field			pool	not_in_catalog		single_reviewed	annotator-01													
field-000094	dataset/real_photo/96.83_20-08-2026_17-48-13.webp	a8327629b4da658b9f1d4e430f5c06c2d94db58c4023c66f2fadc1cd12a30dba	field			pool	confirmed	oleg	single_reviewed	annotator-01													
field-000095	dataset/real_photo/96.8_25-08-2026_22-20-38.webp	1bb8b68cecd621b377b75df193988127526fe804945eb856eeb09c23dad0152b	field			pool	not_in_catalog		single_reviewed	annotator-01													
field-000096	dataset/real_photo/96.96_05-09-2026_19-02-01.webp	bd4a7d377b9b4ea148613341dc715c254180c3752b6e6c7213b8c2c6c2c7cfe1	field			pool	confirmed	denisov_rubin_klaret_krasnaya_strelka	single_reviewed	annotator-01													
field-000097	dataset/real_photo/96.98_19-08-2026_19-05-06.webp	ad706961e75013b728eb8343e4fac7502947766612e8f636b765068547731765	field			pool	confirmed	czitronnyj-magaracha	single_reviewed	annotator-01													
field-000098	dataset/real_photo/97.02_29-08-2026_18-49-02.webp	ec0c92ffc08ca3953f15944cefc46b9d56ccea425584072377350232ca78c9f9	field			pool	confirmed	caperavi-avtorskoe-vino	single_reviewed	annotator-01													
field-000099	dataset/real_photo/97.08_05-09-2026_15-30-50.webp	fda74388ce1349e23f50d1c4544f7c5589c3ed2ce2280e5b1ec676e87ea5a828	field			pool	not_in_catalog		single_reviewed	annotator-01													
field-000100	dataset/real_photo/97.23_05-09-2026_15-34-36.webp	26c72f3787e300cc661072a8e8a68aafe4cd3a821d2354f72a41aef5ce1611dd	field			pool	not_in_catalog		single_reviewed	annotator-01													
