query_id	slug
field-000004	denisov_rubin_klaret_krasnaya_strelka
field-000006	fanagoriya-formula-q-kaberne-sovinon-krasnoe-suhoe-135
field-000008	skalistyj-bereg-shepot-czvetov
field-000009	zhemchuzhnaya-9-aligote-czitron
field-000010	pobeda
field-000011	relikta-relikta-sira-kaberne-fran-krasnoe-suhoe-13
field-000014	massandra-muskatel-belyy-belye-sorta-vinograda-beloe-sladkoe-16
field-000016	czitronnyj-magaracha-sovinon-blan
field-000017	rozovoe-zoloto
field-000019	aratti-kaberne-sovinon-2021-krasnoe-suhoe
field-000021	belaya-lvicza
field-000022	aratti-kaberne-sovinon-2020-krasnoe-suhoe
field-000023	denisov-winery-sovinon-blan-beloe-suhoe-115
field-000024	aratti-kaberne-sovinon-2020-krasnoe-suhoe
field-000026	golubitskoe-estate-kaberne-sovinon-noble-selection-krasnoe-suhoe-133
field-000027	denisov_pet_nat_rubin
field-000028	zakat-denisov-vajneri
field-000029	zakat-denisov-vajneri
field-000032	rubin-golodrigi
field-000034	denisov_pazori_risling
field-000035	derbent-vino-desono-kaberne-sovinon-krasnoe-suhoe-125
field-000036	czitronnyj-magaracha-sovinon-blan
field-000039	denisov-winery-sovinon-blan-beloe-suhoe-115
field-000040	zhemchuzhnaya-9-pino-nuar-muskat-rozovyj-2
field-000041	fanagoriya-zelyonoe-vino-risling-tsitronnyy-magaracha-beloe-polusuhoe-11
field-000048	pozdnij-sbor-beloe
field-000051	zhemchuzhnaya-9-pino-nuar-muskat-rozovyj-2
field-000052	rubin-golodrigi
field-000053	uva-vallis-risling
field-000054	denisov_pereplyas_kurmyshi
field-000055	fanagoriya-zelyonoe-vino-risling-tsitronnyy-magaracha-beloe-polusuhoe-11
field-000056	roze-2
field-000057	denisov-winery-sovinon-blan-beloe-suhoe-115
field-000059	golubitskoe-estate-kaberne-sovinon-krasnoe-suhoe-137
field-000061	golubitskoe-estate-merlo-krasnoe-suhoe-135
field-000063	roze-2
field-000064	roze-2
field-000065	zhemchuzhnaya-9-pino-nuar-muskat-rozovyj-1
field-000066	denisov-winery-sovinon-blan-beloe-suhoe-115
field-000070	bukovinka
field-000075	abrau-dyurso-russkoe-igristoe-polusuhoe-rozovoe-pino-nuar-12
field-000076	czitronnyj-magaracha
field-000078	denisov-winery-risling-beloe-suhoe-115
field-000079	novyy-svet-dom-shampanskih-vin-igristoe-vino-vyderzhannoe-bryut-rozovoe-novyy-svet-pino-nuar-125
field-000080	fanagoriya-zelyonoe-vino-risling-tsitronnyy-magaracha-beloe-polusuhoe-11
field-000081	balaklava-muskat-beloe-polusladkoe
field-000082	fanagoriya-zelyonoe-vino-risling-tsitronnyy-magaracha-beloe-polusuhoe-11
field-000083	valeriy-zaharin-dom-zaharinyh-krasnoe-kaberne-sovinon-suhoe-125
field-000085	perovskih_polusuhoe_krasnoe
field-000087	usadba-mezyb-shishka-kupazh-5-kaberne-sovinon-rozovoe-suhoe-133
field-000088	pozdnij-sbor-krasnoe
field-000089	golubitskoe-estate-red-blend-kaberne-sovinon-krasnoe-suhoe-136
field-000090	czitronnyj-magaracha
field-000091	oleg
field-000092	vinodelnya-vedernikov-vedernikov-dolina-dona-beloe-suhoe-aligote-12
field-000094	oleg
field-000096	denisov_rubin_klaret_krasnaya_strelka
field-000097	czitronnyj-magaracha
field-000098	caperavi-avtorskoe-vino
