query_id	image_path
field-000004	dataset/real_photo/48.98_02-09-2026_18-34-15.webp
field-000006	dataset/real_photo/70.45_04-09-2026_13-35-37.webp
field-000008	dataset/real_photo/82.33_27-08-2026_10-03-52.webp
field-000009	dataset/real_photo/84.73_07-09-2026_11-07-51.webp
field-000010	dataset/real_photo/87.09_22-08-2026_20-57-16.webp
field-000011	dataset/real_photo/87.54_03-09-2026_13-27-53.webp
field-000014	dataset/real_photo/87.88_28-08-2026_16-56-20.webp
field-000016	dataset/real_photo/88.38_20-08-2026_18-32-58.webp
field-000017	dataset/real_photo/89.65_19-08-2026_19-48-39.webp
field-000019	dataset/real_photo/91.07_20-08-2026_18-37-46.webp
field-000021	dataset/real_photo/92.21_19-08-2026_18-57-31.webp
field-000022	dataset/real_photo/92.6_07-09-2026_11-04-40.webp
field-000023	dataset/real_photo/92.94_21-08-2026_19-37-08.webp
field-000024	dataset/real_photo/92.96_19-08-2026_21-07-12.webp
field-000026	dataset/real_photo/93.31_05-09-2026_13-39-37.webp
field-000027	dataset/real_photo/93.43_05-09-2026_13-34-45.webp
field-000028	dataset/real_photo/93.68_19-08-2026_20-44-28.webp
field-000029	dataset/real_photo/93.84_02-09-2026_17-13-04.webp
field-000032	dataset/real_photo/94.02_24-08-2026_17-46-57.webp
field-000034	dataset/real_photo/94.55_02-09-2026_16-53-08.webp
field-000035	dataset/real_photo/94.72_21-08-2026_15-41-48.webp
field-000036	dataset/real_photo/94.7_25-08-2026_15-52-07.webp
field-000039	dataset/real_photo/94.94_05-09-2026_15-04-50.webp
field-000040	dataset/real_photo/94.97_02-09-2026_19-01-48.webp
field-000041	dataset/real_photo/95.03_04-09-2026_11-39-35.webp
field-000048	dataset/real_photo/95.32_02-09-2026_12-09-23.webp
field-000051	dataset/real_photo/95.49_05-09-2026_15-34-51.webp
field-000052	dataset/real_photo/95.63_24-08-2026_17-47-43.webp
field-000053	dataset/real_photo/95.75_02-09-2026_14-47-49.webp
field-000054	dataset/real_photo/95.76_23-08-2026_18-19-43.webp
field-000055	dataset/real_photo/95.88_02-09-2026_14-41-59.webp
field-000056	dataset/real_photo/95.8_19-08-2026_19-33-23.webp
field-000057	dataset/real_photo/95.8_19-08-2026_20-47-59.webp
field-000059	dataset/real_photo/96.07_28-08-2026_16-10-06.webp
field-000061	dataset/real_photo/96.08_28-08-2026_16-29-50.webp
field-000063	dataset/real_photo/96.13_19-08-2026_19-33-10.webp
field-000064	dataset/real_photo/96.15_22-08-2026_20-56-09.webp
field-000065	dataset/real_photo/96.27_20-08-2026_16-26-30.webp
field-000066	dataset/real_photo/96.29_21-08-2026_19-39-02.webp
field-000070	dataset/real_photo/96.31_21-08-2026_17-24-55.webp
field-000075	dataset/real_photo/96.45_02-09-2026_14-19-06.webp
field-000076	dataset/real_photo/96.45_19-08-2026_19-35-28.webp
field-000078	dataset/real_photo/96.54_04-09-2026_19-30-52.webp
field-000079	dataset/real_photo/96.55_30-08-2026_19-34-31.webp
field-000080	dataset/real_photo/96.58_05-09-2026_16-05-04.webp
field-000081	dataset/real_photo/96.61_28-08-2026_09-16-27.webp
field-000082	dataset/real_photo/96.62_07-09-2026_18-12-27.webp
field-000083	dataset/real_photo/96.64_26-08-2026_16-52-37.webp
field-000085	dataset/real_photo/96.66_22-08-2026_20-44-40.webp
field-000087	dataset/real_photo/96.74_28-08-2026_13-52-26.webp
field-000088	dataset/real_photo/96.76_07-09-2026_14-57-04.webp
field-000089	dataset/real_photo/96.77_24-08-2026_14-10-46.webp
field-000090	dataset/real_photo/96.78_25-08-2026_18-04-42.webp
field-000091	dataset/real_photo/96.79_20-08-2026_17-48-31.webp
field-000092	dataset/real_photo/96.79_28-08-2026_22-05-22.webp
field-000094	dataset/real_photo/96.83_20-08-2026_17-48-13.webp
field-000096	dataset/real_photo/96.96_05-09-2026_19-02-01.webp
field-000097	dataset/real_photo/96.98_19-08-2026_19-05-06.webp
field-000098	dataset/real_photo/97.02_29-08-2026_18-49-02.webp
