epoch,train_loss,top1_accuracy,recall_at_5
0,,0.900862,0.985991
1,1.261837,0.901940,0.989224
2,0.556774,0.909483,0.994612
3,0.392448,0.920259,0.994612
4,0.358598,0.922414,0.994612
5,0.342838,0.928879,0.995690
6,0.327313,0.926724,0.995690
7,0.315595,0.926724,0.997845
8,0.305141,0.934267,0.997845
9,0.293334,0.936422,0.997845
10,0.279409,0.940733,0.998922
11,0.265513,0.943966,0.998922
12,0.253057,0.947198,0.998922
13,0.243955,0.950431,1.000000
14,0.235953,0.950431,1.000000
15,0.229801,0.949353,1.000000
